"COD","CODINTEGR","TITULO","NIVEL","TITABREV","PADRE","NOTA1","NOTA2","NOTA3","VALORNOTA","REFERENCIA","FECHA_NOTA","NOMBRE"
"0","0","Fuerzas armadas","1","","","","","","","","","AYUDACOD_ISCO88"
"01","01","Fuerzas armadas","2","","0","","","","","","","AYUDACOD_ISCO88"
"011","011","Fuerzas armadas","3","","01","","","","","","","AYUDACOD_ISCO88"
"0110","0110","Fuerzas armadas","4","","011","","","","","","","AYUDACOD_ISCO88"
"1","1","Miembros del poder ejecutivo y de los cuerpos legislativos y personal directivo de la administración pública y de empresas","1","","","","","","","","","AYUDACOD_ISCO88"
"11","11","Miembros del poder ejecutivo y de los cuerpos legislativos y personal directivo de la administración pública","2","","1","","","","","","","AYUDACOD_ISCO88"
"111","111","Miembros del poder ejecutivo y de los cuerpos legislativos","3","","11","","","","","","","AYUDACOD_ISCO88"
"1110","1110","Miembros del poder ejecutivo y de los cuerpos legislativos","4","","111","","","","","","","AYUDACOD_ISCO88"
"112","112","Personal directivo de la administración pública","3","","11","","","","","","","AYUDACOD_ISCO88"
"1120","1120","Personal directivo de la administración pública","4","","112","","","","","","","AYUDACOD_ISCO88"
"113","113","Jefes de pequeñas poblaciones","3","","11","","","","","","","AYUDACOD_ISCO88"
"1130","1130","Jefes de pequeñas poblaciones","4","","113","","","","","","","AYUDACOD_ISCO88"
"114","114","Dirigentes y administradores de organizaciones especializadas","3","","11","","","","","","","AYUDACOD_ISCO88"
"1141","1141","Dirigentes y administradores de partidos políticos","4","","114","","","","","","","AYUDACOD_ISCO88"
"1142","1142","Dirigentes y administradores de organizaciones de empleadores, de trabajadores y de otras de interés socioeconómico","4","","114","","","","","","","AYUDACOD_ISCO88"
"1143","1143","Dirigentes y administradores de organizaciones humanitarias y de otras organizaciones especializadas","4","","114","","","","","","","AYUDACOD_ISCO88"
"12","12","Directores de empresa","2","","1","","","","","","","AYUDACOD_ISCO88"
"121","121","Directores generales y gerentes generales de empresa","3","","12","","","","","","","AYUDACOD_ISCO88"
"1210","1210","Directores generales y gerentes generales de empresa","4","","121","","","","","","","AYUDACOD_ISCO88"
"122","122","Directores de departamentos de producción y operaciones","3","","12","","","","","","","AYUDACOD_ISCO88"
"1221","1221","Directores de departamentos de producción y operaciones, agricultura, caza, silvicultura y pesca","4","","122","","","","","","","AYUDACOD_ISCO88"
"1222","1222","Directores de departamentos de producción y operaciones, industrias manufactureras","4","","122","","","","","","","AYUDACOD_ISCO88"
"1223","1223","Directores de departamentos de producción y operaciones, construcción y obras públicas","4","","122","","","","","","","AYUDACOD_ISCO88"
"1224","1224","Directores de departamentos de producción y operaciones, comercio mayoristas y minoristas","4","","122","","","","","","","AYUDACOD_ISCO88"
"1225","1225","Directores de departamentos de producción y operaciones, restauración y hostelería","4","","122","","","","","","","AYUDACOD_ISCO88"
"1226","1226","Directores de departamentos de producción y operaciones, transporte, almacenamiento y comunicaciones","4","","122","","","","","","","AYUDACOD_ISCO88"
"1227","1227","Directores de departamentos de producción y operaciones, empresas de intermediación y servicios a empresas","4","","122","","","","","","","AYUDACOD_ISCO88"
"1228","1228","Directores de departamentos de producción y operaciones, servicios de cuidados personales, limpieza y servicios similares","4","","122","","","","","","","AYUDACOD_ISCO88"
"1229","1229","Directores de departamentos de producción y operaciones, no clasificados bajo otros epígrafes","4","","122","","","","","","","AYUDACOD_ISCO88"
"123","123","Otros directores de departamentos","3","","12","","","","","","","AYUDACOD_ISCO88"
"1231","1231","Directores de departamentos financieros y administrativos","4","","123","","","","","","","AYUDACOD_ISCO88"
"1232","1232","Directores de departamentos de personal y de relaciones laborales","4","","123","","","","","","","AYUDACOD_ISCO88"
"1233","1233","Directores de departamentos de ventas y comercialización","4","","123","","","","","","","AYUDACOD_ISCO88"
"1234","1234","Directores de departamentos de publicidad y de relaciones públicas","4","","123","","","","","","","AYUDACOD_ISCO88"
"1235","1235","Directores de departamentos de abastecimiento y distribución","4","","123","","","","","","","AYUDACOD_ISCO88"
"1236","1236","Directores de departamentos de servicios de informática","4","","123","","","","","","","AYUDACOD_ISCO88"
"1237","1237","Directores de departamentos de investigaciones y desarrollo","4","","123","","","","","","","AYUDACOD_ISCO88"
"1239","1239","Otros directores de departamentos, no clasificados bajo otros epígrafes","4","","123","","","","","","","AYUDACOD_ISCO88"
"13","13","Gerentes de empresa","2","","1","","","","","","","AYUDACOD_ISCO88"
"131","131","Gerentes de empresa","3","","13","","","","","","","AYUDACOD_ISCO88"
"1311","1311","Gerentes de empresas de agricultura, caza, silvicultura y pesca","4","","131","","","","","","","AYUDACOD_ISCO88"
"1312","1312","Gerentes de industrias manufactureras","4","","131","","","","","","","AYUDACOD_ISCO88"
"1313","1313","Gerentes de empresas de construcción y obras públicas","4","","131","","","","","","","AYUDACOD_ISCO88"
"1314","1314","Gerentes de comercios mayoristas y minoristas","4","","131","","","","","","","AYUDACOD_ISCO88"
"1315","1315","Gerentes de empresas de restauración y hostelería","4","","131","","","","","","","AYUDACOD_ISCO88"
"1316","1316","Gerentes de empresas de transporte, almacenamiento y comunicaciones","4","","131","","","","","","","AYUDACOD_ISCO88"
"1317","1317","Gerentes de empresas de intermediación y servicios a empresas","4","","131","","","","","","","AYUDACOD_ISCO88"
"1318","1318","Gerentes de empresas de servicios de cuidados personales, limpieza y servicios similares","4","","131","","","","","","","AYUDACOD_ISCO88"
"1319","1319","Gerentes de empresas, no clasificados bajo otros epígrafes","4","","131","","","","","","","AYUDACOD_ISCO88"
"2","2","Profesionales científicos e intelectuales","1","","","","","","","","","AYUDACOD_ISCO88"
"21","21","Profesionales de las ciencias físicas, químicas y matemáticas y de la ingeniería","2","","2","","","","","","","AYUDACOD_ISCO88"
"211","211","Físicios, químicos y afines","3","","21","","","","","","","AYUDACOD_ISCO88"
"2111","2111","Físicios y astrónomos","4","","211","","","","","","","AYUDACOD_ISCO88"
"2112","2112","Meteorólogos","4","","211","","","","","","","AYUDACOD_ISCO88"
"2113","2113","Químicos","4","","211","","","","","","","AYUDACOD_ISCO88"
"2114","2114","Geólogos y geofísicos","4","","211","","","","","","","AYUDACOD_ISCO88"
"212","212","Matemáticos, estadísticos y afines","3","","21","","","","","","","AYUDACOD_ISCO88"
"2121","2121","Matemáticos y afines","4","","212","","","","","","","AYUDACOD_ISCO88"
"2122","2122","Estadísticos","4","","212","","","","","","","AYUDACOD_ISCO88"
"213","213","Profesionales de la informática","3","","21","","","","","","","AYUDACOD_ISCO88"
"2131","2131","Creadores y analistas de sistemas informáticos","4","","213","","","","","","","AYUDACOD_ISCO88"
"2132","2132","Programadores informáticos","4","","213","","","","","","","AYUDACOD_ISCO88"
"2139","2139","Profesionales de la informática, no clasificados bajos otros epígrafes","4","","213","","","","","","","AYUDACOD_ISCO88"
"214","214","Arquitectos, ingenieros y afines","3","","21","","","","","","","AYUDACOD_ISCO88"
"2141","2141","Arquitectos, urbanistas e ingenieros de tránsito","4","","214","","","","","","","AYUDACOD_ISCO88"
"2142","2142","Ingenieros civiles","4","","214","","","","","","","AYUDACOD_ISCO88"
"2143","2143","Ingenieros electricístas","4","","214","","","","","","","AYUDACOD_ISCO88"
"2144","2144","Ingenieros electronicistas y de telecomunicaciones","4","","214","","","","","","","AYUDACOD_ISCO88"
"2145","2145","Ingenieros mecánicos","4","","214","","","","","","","AYUDACOD_ISCO88"
"2146","2146","Ingenieros químicos","4","","214","","","","","","","AYUDACOD_ISCO88"
"2147","2147","Ingenieros de minas y metalúrgicos y afines","4","","214","","","","","","","AYUDACOD_ISCO88"
"2148","2148","Cartógrafos y agrimensores","4","","214","","","","","","","AYUDACOD_ISCO88"
"2149","2149","Arquitectos, ingenieros y afines, no clasificados bajo otros epígrafes","4","","214","","","","","","","AYUDACOD_ISCO88"
"22","22","Profesionales de las ciencias biológicos, la medicina y la salud","2","","2","","","","","","","AYUDACOD_ISCO88"
"221","221","Profesionales en ciencias biológicas y otras disciplinas relativas a los seres orgánicos","3","","22","","","","","","","AYUDACOD_ISCO88"
"413","413","Empleados encargados del registro de materiales y de transportes","3","","41","","","","","","","AYUDACOD_ISCO88"
"4131","4131","Empleados de control de abastecimientos e inventario","4","","413","","","","","","","AYUDACOD_ISCO88"
"4132","4132","Empleados de servicios de apoyo a la producción","4","","413","","","","","","","AYUDACOD_ISCO88"
"4133","4133","Empleados de servicios de transporte","4","","413","","","","","","","AYUDACOD_ISCO88"
"414","414","Empleados de bibliotecas y servicios de correos y afines","3","","41","","","","","","","AYUDACOD_ISCO88"
"4141","4141","Empleados de bibliotecas y archivos","4","","414","","","","","","","AYUDACOD_ISCO88"
"4142","4142","Empleados de servicios de correos","4","","414","","","","","","","AYUDACOD_ISCO88"
"4143","4143","Codificadores de datos, correctores de pruebas de imprenta y afines","4","","414","","","","","","","AYUDACOD_ISCO88"
"4144","4144","Escribientes públicos y afines","4","","414","","","","","","","AYUDACOD_ISCO88"
"419","419","Otros oficinistas","3","","41","","","","","","","AYUDACOD_ISCO88"
"4190","4190","Otros oficinistas","4","","419","","","","","","","AYUDACOD_ISCO88"
"42","42","Empleados en trato directo con el público","2","","4","","","","","","","AYUDACOD_ISCO88"
"421","421","Cajeros, taquilleros y afines","3","","42","","","","","","","AYUDACOD_ISCO88"
"4211","4211","Cajeros y expendedores de billetes","4","","421","","","","","","","AYUDACOD_ISCO88"
"4212","4212","Pagadores y cobradores de ventanilla y taquilleros","4","","421","","","","","","","AYUDACOD_ISCO88"
"4213","4213","Receptores de apuestas y afines","4","","421","","","","","","","AYUDACOD_ISCO88"
"4214","4214","Prestamistas","4","","421","","","","","","","AYUDACOD_ISCO88"
"4215","4215","Cobradores y afines","4","","421","","","","","","","AYUDACOD_ISCO88"
"422","422","Empleados de servicios de información a la clientela","3","","42","","","","","","","AYUDACOD_ISCO88"
"4221","4221","Empleados de agencias de viajes","4","","422","","","","","","","AYUDACOD_ISCO88"
"4222","4222","Recepcionistas y empleados de informaciones","4","","422","","","","","","","AYUDACOD_ISCO88"
"4223","4223","Telefonistas","4","","422","","","","","","","AYUDACOD_ISCO88"
"5","5","Trabajadores de los servicios y vendedores de comercios y mercados","1","","","","","","","","","AYUDACOD_ISCO88"
"51","51","Trabajadores de los servicios personales y de los servicios de protección y seguridad","2","","5","","","","","","","AYUDACOD_ISCO88"
"511","511","Personal al servicio directo de los pasajeros","3","","51","","","","","","","AYUDACOD_ISCO88"
"5111","5111","Camareros y azafatas","4","","511","","","","","","","AYUDACOD_ISCO88"
"5112","5112","Revisores, guardas y cobradores de los transportes públicos","4","","511","","","","","","","AYUDACOD_ISCO88"
"5113","5113","Guías","4","","511","","","","","","","AYUDACOD_ISCO88"
"512","512","Personal de intendencia y de restauración","3","","51","","","","","","","AYUDACOD_ISCO88"
"5121","5121","Ecónomos, mayordomos y afines","4","","512","","","","","","","AYUDACOD_ISCO88"
"5122","5122","Cocineros","4","","512","","","","","","","AYUDACOD_ISCO88"
"5123","5123","Camareros y taberneros","4","","512","","","","","","","AYUDACOD_ISCO88"
"513","513","Trabajadores de los cuidados personales y afines","3","","51","","","","","","","AYUDACOD_ISCO88"
"5131","5131","Niñeras y celadoras infantiles","4","","513","","","","","","","AYUDACOD_ISCO88"
"5132","5132","Ayudantes de enfermería en instituciones","4","","513","","","","","","","AYUDACOD_ISCO88"
"5133","5133","Ayudantes de enfermería a domicilio","4","","513","","","","","","","AYUDACOD_ISCO88"
"5139","5139","Trabajadores de los cuidados personales y afines, no clasificados bajo otros epígrafes","4","","513","","","","","","","AYUDACOD_ISCO88"
"514","514","Otros trabajadores de servicios personales a particulares","3","","51","","","","","","","AYUDACOD_ISCO88"
"5141","5141","Peluqueros, especialistas en tratamientos de belleza y afines","4","","514","","","","","","","AYUDACOD_ISCO88"
"5142","5142","Acompañantes y ayudas de cámara","4","","514","","","","","","","AYUDACOD_ISCO88"
"5143","5143","Personal de pompas fúnebres y embalsamadores","4","","514","","","","","","","AYUDACOD_ISCO88"
"5149","5149","Otros trabajadores de servicios personales a particulares, no clasificados bajo otros epígrafes","4","","514","","","","","","","AYUDACOD_ISCO88"
"515","515","Astrólogos, adivinadores y afines","3","","51","","","","","","","AYUDACOD_ISCO88"
"5151","5151","Astrólogos y afines","4","","515","","","","","","","AYUDACOD_ISCO88"
"5152","5152","Adivinadores, quirománticos y afines","4","","515","","","","","","","AYUDACOD_ISCO88"
"516","516","Personal de los servicios de protección y seguridad","3","","51","","","","","","","AYUDACOD_ISCO88"
"5161","5161","Bomberos","4","","516","","","","","","","AYUDACOD_ISCO88"
"5162","5162","Policías","4","","516","","","","","","","AYUDACOD_ISCO88"
"5163","5163","Guardianes de prisión","4","","516","","","","","","","AYUDACOD_ISCO88"
"5169","5169","Personal de los servicios de protección y seguridad, no clasificado bajo otros epígrafes","4","","516","","","","","","","AYUDACOD_ISCO88"
"52","52","Modelos, vendedores y demostradores","2","","5","","","","","","","AYUDACOD_ISCO88"
"521","521","Modelos de modas, arte y publicidad","3","","52","","","","","","","AYUDACOD_ISCO88"
"5210","5210","Modelos de modas, arte y publicidad","4","","521","","","","","","","AYUDACOD_ISCO88"
"522","522","Vendedores y demostradores de tiendas y almacenes","3","","52","","","","","","","AYUDACOD_ISCO88"
"5220","5220","Vendedores y demostradores de tiendas y almacenes","4","","522","","","","","","","AYUDACOD_ISCO88"
"523","523","Vendedores de quioscos y de puestos de mercado","3","","52","","","","","","","AYUDACOD_ISCO88"
"5230","5230","Vendedores de quioscos y de puestos de mercado","4","","523","","","","","","","AYUDACOD_ISCO88"
"6","6","Agricultores y trabajadores calificados agropecuarios y pesqueros","1","","","","","","","","","AYUDACOD_ISCO88"
"61","61","Agricultores y trabajadores calificados de explotaciones agropecuarias, forestales y pesqueras con destino al mercado","2","","6","","","","","","","AYUDACOD_ISCO88"
"611","611","Agricultores y trabajadores calificados de cultivos para el mercado","3","","61","","","","","","","AYUDACOD_ISCO88"
"6111","6111","Agricultores y trabajadores calificados de cultivos extensivos","4","","611","","","","","","","AYUDACOD_ISCO88"
"6112","6112","Agricultores y trabajadores calificados de plantaciones de árboles y arbustos","4","","611","","","","","","","AYUDACOD_ISCO88"
"6113","6113","Agricultores y trabajadores calificados de huertas, invernaderos, viveros y jardines","4","","611","","","","","","","AYUDACOD_ISCO88"
"6114","6114","Agricultores y trabajadores calificados de cultivos mixtos","4","","611","","","","","","","AYUDACOD_ISCO88"
"612","612","Criadores y trabajadores pecuarios calificados de la cría de animales para el mercado y afines","3","","61","","","","","","","AYUDACOD_ISCO88"
"6121","6121","Criadores de ganado y otros animales domésticos, productores de leche y sus derivados","4","","612","","","","","","","AYUDACOD_ISCO88"
"6122","6122","Avicultores y trabajadores calificados de la avicultura","4","","612","","","","","","","AYUDACOD_ISCO88"
"6123","6123","Agricultores y sericicultores y trabajadores calificados de la apicultura y la sericicultura","4","","612","","","","","","","AYUDACOD_ISCO88"
"6124","6124","Criadores y trabajadores calificados de la cría de animales domésticos diversos","4","","612","","","","","","","AYUDACOD_ISCO88"
"6129","6129","Criadores y trabajadores pecuarios calificados de la cría de animales para el mercado y afines, no clasificados bajo otros epígrafes","4","","612","","","","","","","AYUDACOD_ISCO88"
"613","613","Productores y trabajadores agropecuarios calificados cuya producción se destina al mercado","3","","61","","","","","","","AYUDACOD_ISCO88"
"6130","6130","Productores y trabajadores agropecuarios calificados cuya producción se destina al mercado","4","","613","","","","","","","AYUDACOD_ISCO88"
"614","614","Trabajadores forestales calificados y afines","3","","61","","","","","","","AYUDACOD_ISCO88"
"6141","6141","Taladores y otros trabajadores forestales","4","","614","","","","","","","AYUDACOD_ISCO88"
"6142","6142","Carboneros de carbón vegetal y afines","4","","614","","","","","","","AYUDACOD_ISCO88"
"615","615","Pescadores, cazadores y tramperos","3","","61","","","","","","","AYUDACOD_ISCO88"
"6151","6151","Criadores de especies acuáticas","4","","615","","","","","","","AYUDACOD_ISCO88"
"6152","6152","Pescadores de agua dulce y aguas costeras","4","","615","","","","","","","AYUDACOD_ISCO88"
"6153","6153","Pescadores de alta mar","4","","615","","","","","","","AYUDACOD_ISCO88"
"6154","6154","Cazadores y tramperos","4","","615","","","","","","","AYUDACOD_ISCO88"
"62","62","Trabajadores agropecuarios y pesqueros de subsistencia","2","","6","","","","","","","AYUDACOD_ISCO88"
"621","621","Trabajadores agropecuarios y pesqueros de subsistencia","3","","62","","","","","","","AYUDACOD_ISCO88"
"6210","6210","Trabajadores agropecuarios y pesqueros de subsistencia","4","","621","","","","","","","AYUDACOD_ISCO88"
"7","7","Oficiales, operarios y artesanos de artes mecánicas y de otros oficios","1","","","","","","","","","AYUDACOD_ISCO88"
"71","71","Oficiales y operarios de las industrias extractivas y de la construcción","2","","7","","","","","","","AYUDACOD_ISCO88"
"711","711","Mineros, canteros, pegadores y labrantes de piedra","3","","71","","","","","","","AYUDACOD_ISCO88"
"7111","7111","Mineros y canteros","4","","711","","","","","","","AYUDACOD_ISCO88"
"7112","7112","Pegadores","4","","711","","","","","","","AYUDACOD_ISCO88"
"7113","7113","Tronzadores, labrantes y grabadores de piedra","4","","711","","","","","","","AYUDACOD_ISCO88"
"712","712","Oficiales y operarios de la construcción (obra gruesa) y afines","3","","71","","","","","","","AYUDACOD_ISCO88"
"7121","7121","Constructores con técnicas y materiales tradicionales","4","","712","","","","","","","AYUDACOD_ISCO88"
"7122","7122","Albañiles y mamposteros","4","","712","","","","","","","AYUDACOD_ISCO88"
"7123","7123","Operarios en cemento armado, enfoscadores y afines","4","","712","","","","","","","AYUDACOD_ISCO88"
"7124","7124","Carpinteros de armar y de blanco","4","","712","","","","","","","AYUDACOD_ISCO88"
"7129","7129","Oficiales y operarios de la construcción (obra gruesa) y afines, no clasificados bajo otros epígrafes","4","","712","","","","","","","AYUDACOD_ISCO88"
"713","713","Oficiales y operarios de la construcción (trabajos de acabado) y afines","3","","71","","","","","","","AYUDACOD_ISCO88"
"7131","7131","Techadores","4","","713","","","","","","","AYUDACOD_ISCO88"
"7132","7132","Parqueteros y colocadores de suelos","4","","713","","","","","","","AYUDACOD_ISCO88"
"7133","7133","Revocadores","4","","713","","","","","","","AYUDACOD_ISCO88"
"7134","7134","Instaladores de material aislante y de insonorización","4","","713","","","","","","","AYUDACOD_ISCO88"
"7135","7135","Cristaleros","4","","713","","","","","","","AYUDACOD_ISCO88"
"7136","7136","Fontaneros e instaladores de tuberías","4","","713","","","","","","","AYUDACOD_ISCO88"
"7137","7137","Electricistas de obras y afines","4","","713","","","","","","","AYUDACOD_ISCO88"
"714","714","Pintores, limpiadores de fachadas y afines","3","","71","","","","","","","AYUDACOD_ISCO88"
"7141","7141","Pintores y empapeladores","4","","714","","","","","","","AYUDACOD_ISCO88"
"7142","7142","Barnizadores y afines","4","","714","","","","","","","AYUDACOD_ISCO88"
"7143","7143","Limpiadores de fachadas y deshollinadores","4","","714","","","","","","","AYUDACOD_ISCO88"
"72","72","Oficiales y operarios de la metalurgia, la construcción mecánicas y afines","2","","7","","","","","","","AYUDACOD_ISCO88"
"721","721","Moldeadores, soldadores, chapistas, caldereros, montadores de estructuras metálicas y afines","3","","72","","","","","","","AYUDACOD_ISCO88"
"7211","7211","Moldeadores y macheros","4","","721","","","","","","","AYUDACOD_ISCO88"
"7212","7212","Soldadores y oxicortadores","4","","721","","","","","","","AYUDACOD_ISCO88"
"7213","7213","Chapistas y caldereros","4","","721","","","","","","","AYUDACOD_ISCO88"
"7214","7214","Montadores de estructuras metálicas","4","","721","","","","","","","AYUDACOD_ISCO88"
"7215","7215","Aparejadores y empalmadores de cables","4","","721","","","","","","","AYUDACOD_ISCO88"
"7216","7216","Buzos","4","","721","","","","","","","AYUDACOD_ISCO88"
"722","722","Herreros, herramientas y afines","3","","72","","","","","","","AYUDACOD_ISCO88"
"7221","7221","Herreros y forjadores","4","","722","","","","","","","AYUDACOD_ISCO88"
"7222","7222","Herramentistas y afines","4","","722","","","","","","","AYUDACOD_ISCO88"
"7223","7223","Reguladores y reguladores-operadores de máquinas herramientas","4","","722","","","","","","","AYUDACOD_ISCO88"
"7224","7224","Pulidores de metales y afiladores de herramientas","4","","722","","","","","","","AYUDACOD_ISCO88"
"723","723","Mecánicos y ajustadores de máquinas","3","","72","","","","","","","AYUDACOD_ISCO88"
"7231","7231","Mecánicos y ajustadores de vehículos de motor","4","","723","","","","","","","AYUDACOD_ISCO88"
"7232","7232","Mecánicos y ajustadores de motores de avión","4","","723","","","","","","","AYUDACOD_ISCO88"
"7233","7233","Mecánicos y ajustadores de máquinas agrícolas e industriales","4","","723","","","","","","","AYUDACOD_ISCO88"
"724","724","Mecánicos y ajustadores de equipos eléctricos y electrónicos","3","","72","","","","","","","AYUDACOD_ISCO88"
"7241","7241","Mecánicos y ajustadores electricistas","4","","724","","","","","","","AYUDACOD_ISCO88"
"7242","7242","Ajustadores electronicistas","4","","724","","","","","","","AYUDACOD_ISCO88"
"7243","7243","Mecánicos y reparadores de aparatos electrónicos","4","","724","","","","","","","AYUDACOD_ISCO88"
"7244","7244","Instaladores y reparadores de telégrafos y teléfonos","4","","724","","","","","","","AYUDACOD_ISCO88"
"7245","7245","Instaladores y reparadores de líneas eléctricas","4","","724","","","","","","","AYUDACOD_ISCO88"
"73","73","Mecánicos de precisión, artesanos, operarios de las artes gráficas y afines","2","","7","","","","","","","AYUDACOD_ISCO88"
"731","731","Mecánicos de precisión en metales y materiales similares","3","","73","","","","","","","AYUDACOD_ISCO88"
"7311","7311","Mecánicos y reparadores de instrumentos de precisión","4","","731","","","","","","","AYUDACOD_ISCO88"
"7312","7312","Constructores y afinadores de instrumentos musicales","4","","731","","","","","","","AYUDACOD_ISCO88"
"7313","7313","Joyeros, orfebres y plateros","4","","731","","","","","","","AYUDACOD_ISCO88"
"732","732","Alfareros, operarios de cristalerías y afines","3","","73","","","","","","","AYUDACOD_ISCO88"
"7321","7321","Alfareros y afines (barro, arcilla y abrasivos)","4","","732","","","","","","","AYUDACOD_ISCO88"
"7322","7322","Sopladores, modeladores, laminadores, cortadores y pulidores de vidrio","4","","732","","","","","","","AYUDACOD_ISCO88"
"7323","7323","Grabadores de vidrio","4","","732","","","","","","","AYUDACOD_ISCO88"
"7324","7324","Pintores decoradores de vidrio, cerámica y otros materiales","4","","732","","","","","","","AYUDACOD_ISCO88"
"733","733","Artesanos de la madera, tejidos, cuero y materiales similares","3","","73","","","","","","","AYUDACOD_ISCO88"
"7331","7331","Artesanos de la madera y materiales similares","4","","733","","","","","","","AYUDACOD_ISCO88"
"7332","7332","Artesanos de los tejidos, el cuero y materiales similares","4","","733","","","","","","","AYUDACOD_ISCO88"
"734","734","Oficiales y operarios de las artes gráficas y afines","3","","73","","","","","","","AYUDACOD_ISCO88"
"7341","7341","Cajistas, tipógrafos y afines","4","","734","","","","","","","AYUDACOD_ISCO88"
"7342","7342","Estereotipistas y galvanotipistas","4","","734","","","","","","","AYUDACOD_ISCO88"
"7343","7343","Grabadores de imprenta y fotograbadores","4","","734","","","","","","","AYUDACOD_ISCO88"
"7344","7344","Operarios de la fotografía y afines","4","","734","","","","","","","AYUDACOD_ISCO88"
"7345","7345","Encuadernadores y afines","4","","734","","","","","","","AYUDACOD_ISCO88"
"7346","7346","Impresores de sericigrafía y estampadores a la plancha y en textiles","4","","734","","","","","","","AYUDACOD_ISCO88"
"74","74","Otros oficiales, operarios y artesanos de artes mecánicas y de otros oficios","2","","7","","","","","","","AYUDACOD_ISCO88"
"741","741","Oficiales y operarios del procesamiento de alimentos y afines","3","","74","","","","","","","AYUDACOD_ISCO88"
"7411","7411","Carniceros, pescaderos y afines","4","","741","","","","","","","AYUDACOD_ISCO88"
"7412","7412","Panaderos, pasteleros y confiteros","4","","741","","","","","","","AYUDACOD_ISCO88"
"7413","7413","Operarios de la elaboración de productos lácteos","4","","741","","","","","","","AYUDACOD_ISCO88"
"7414","7414","Operarios de la conservación de frutas, legumbres, verduras y afines","4","","741","","","","","","","AYUDACOD_ISCO88"
"7415","7415","Catadores y clasificadores de alimentos y bebidas","4","","741","","","","","","","AYUDACOD_ISCO88"
"7416","7416","Preparadores y elaboradores de tabaco y sus productos","4","","741","","","","","","","AYUDACOD_ISCO88"
"742","742","Oficiales y operarios del tratamiento de la madera, ebanistas y afines","3","","74","","","","","","","AYUDACOD_ISCO88"
"7421","7421","Operarios del tratamiento de la madera","4","","742","","","","","","","AYUDACOD_ISCO88"
"7422","7422","Ebanistas y afines","4","","742","","","","","","","AYUDACOD_ISCO88"
"2211","2211","Biólogos, botánicos, zoólogos y afines","4","","221","","","","","","","AYUDACOD_ISCO88"
"2212","2212","Farmacólogos, patólogos y afines","4","","221","","","","","","","AYUDACOD_ISCO88"
"2213","2213","Agrónomos y afines","4","","221","","","","","","","AYUDACOD_ISCO88"
"222","222","Médicos y profesionales afines (excepto el personal de enfermería y partería)","3","","22","","","","","","","AYUDACOD_ISCO88"
"2221","2221","Médicos","4","","222","","","","","","","AYUDACOD_ISCO88"
"2222","2222","Odontólogos","4","","222","","","","","","","AYUDACOD_ISCO88"
"2223","2223","Veterinarios","4","","222","","","","","","","AYUDACOD_ISCO88"
"2224","2224","Farmacéuticos","4","","222","","","","","","","AYUDACOD_ISCO88"
"2229","2229","Médicos y profesionales afines (excepto el personal de enfermería y partería), no clasificados bajo otros epígrafes","4","","222","","","","","","","AYUDACOD_ISCO88"
"223","223","Personal de enfermería y partería de nivel superior","3","","22","","","","","","","AYUDACOD_ISCO88"
"2230","2230","Personal de enfermería y partería de nivel superior","4","","223","","","","","","","AYUDACOD_ISCO88"
"23","23","Profesionales de la enseñanza","2","","2","","","","","","","AYUDACOD_ISCO88"
"231","231","Profesores de universidades y otros establecimientos de la enseñanza superior","3","","23","","","","","","","AYUDACOD_ISCO88"
"2310","2310","Profesores de universidades y otros establecimientos de la enseñanza superior","4","","231","","","","","","","AYUDACOD_ISCO88"
"232","232","Profesores de la enseñanza secundaria","3","","23","","","","","","","AYUDACOD_ISCO88"
"2320","2320","Profesores de la enseñanza secundaria","4","","232","","","","","","","AYUDACOD_ISCO88"
"233","233","Maestros de nivel superior de la enseñanza primaria y preescolar","3","","23","","","","","","","AYUDACOD_ISCO88"
"2331","2331","Maestros de nivel superior de la enseñanza primaria","4","","233","","","","","","","AYUDACOD_ISCO88"
"2332","2332","Maestros de nivel superior de la enseñanza preescolar","4","","233","","","","","","","AYUDACOD_ISCO88"
"234","234","Maestros e instructores de nivel superior de la enseñanza especial","3","","23","","","","","","","AYUDACOD_ISCO88"
"2340","2340","Maestros e instructores de nivel superior de la enseñanza especial","4","","234","","","","","","","AYUDACOD_ISCO88"
"235","235","Otros profesionales de la enseñanza","3","","23","","","","","","","AYUDACOD_ISCO88"
"2351","2351","Especialistas en métodos pedagógicos y material didáctico","4","","235","","","","","","","AYUDACOD_ISCO88"
"2352","2352","Inspectores de la enseñanza","4","","235","","","","","","","AYUDACOD_ISCO88"
"2359","2359","Otros profesionales de la enseñanza, no clasificados bajo otros epígrafes","4","","235","","","","","","","AYUDACOD_ISCO88"
"24","24","Otros profesionales científicos e intelectuales","2","","2","","","","","","","AYUDACOD_ISCO88"
"241","241","Especialistas en organización y administación de empresas y afines","3","","24","","","","","","","AYUDACOD_ISCO88"
"2411","2411","Contadores","4","","241","","","","","","","AYUDACOD_ISCO88"
"2412","2412","Especialistas en políticas y servicios de personal y afines","4","","241","","","","","","","AYUDACOD_ISCO88"
"2419","2419","Especialistas en organizacón y administración de empresas y afines, no clasificados bajo otros epígrafes","4","","241","","","","","","","AYUDACOD_ISCO88"
"242","242","Profesionales del derecho","3","","24","","","","","","","AYUDACOD_ISCO88"
"2421","2421","Abogados","4","","242","","","","","","","AYUDACOD_ISCO88"
"2422","2422","Jueces","4","","242","","","","","","","AYUDACOD_ISCO88"
"2429","2429","Profesionales del derecho, no clasificados bajo otros epígrafes","4","","242","","","","","","","AYUDACOD_ISCO88"
"243","243","Archiveros, bibliotecarios, documentalistas y afines","3","","24","","","","","","","AYUDACOD_ISCO88"
"2431","2431","Archiveros y conservadores de museos","4","","243","","","","","","","AYUDACOD_ISCO88"
"2432","2432","Bibliotecarios, documentalistas y afines","4","","243","","","","","","","AYUDACOD_ISCO88"
"244","244","Especialistas en ciencias sociales y humanas","3","","24","","","","","","","AYUDACOD_ISCO88"
"2441","2441","Economistas","4","","244","","","","","","","AYUDACOD_ISCO88"
"2442","2442","Sociólogos, antropólogos y afines","4","","244","","","","","","","AYUDACOD_ISCO88"
"2443","2443","Filósofos, historiadores y especialistas en ciencias políticas","4","","244","","","","","","","AYUDACOD_ISCO88"
"2444","2444","Filólogos, traductores e intérpretes","4","","244","","","","","","","AYUDACOD_ISCO88"
"2445","2445","Psicólogos","4","","244","","","","","","","AYUDACOD_ISCO88"
"2446","2446","Profesionales del trabajo social","4","","244","","","","","","","AYUDACOD_ISCO88"
"245","245","Escritores, artistas creativos y ejecutantes","3","","24","","","","","","","AYUDACOD_ISCO88"
"2451","2451","Autores, periodistas y otros escritores","4","","245","","","","","","","AYUDACOD_ISCO88"
"2452","2452","Escultores, pintores y afines","4","","245","","","","","","","AYUDACOD_ISCO88"
"2453","2453","Compositores, músicos y cantantes","4","","245","","","","","","","AYUDACOD_ISCO88"
"2454","2454","Coreógrafos y bailarines","4","","245","","","","","","","AYUDACOD_ISCO88"
"2455","2455","Actores y directores de cine, radio, teatro, televisión y afines","4","","245","","","","","","","AYUDACOD_ISCO88"
"246","246","Sacerdotes de distintas religiones","3","","24","","","","","","","AYUDACOD_ISCO88"
"2460","2460","Sacerdotes de distintas religiones","4","","246","","","","","","","AYUDACOD_ISCO88"
"3","3","Técnicos y profesionales de nivel medio","1","","","","","","","","","AYUDACOD_ISCO88"
"31","31","Técnicos y profesionales de nivel medio de las ciencias físicas y químicas, la ingeniería y afines","2","","3","","","","","","","AYUDACOD_ISCO88"
"311","311","Técnicos en ciencias físicas y químicas y en ingeniería","3","","31","","","","","","","AYUDACOD_ISCO88"
"3111","3111","Técnicos en ciencias físicas y químicas","4","","311","","","","","","","AYUDACOD_ISCO88"
"3112","3112","Técnicos en ingeniería civil","4","","311","","","","","","","AYUDACOD_ISCO88"
"3113","3113","Electrotécnicos","4","","311","","","","","","","AYUDACOD_ISCO88"
"3114","3114","Técnicos en electrónica y telecomunicaciones","4","","311","","","","","","","AYUDACOD_ISCO88"
"3115","3115","Técnicos en mecánica y construcción mecánica","4","","311","","","","","","","AYUDACOD_ISCO88"
"3116","3116","Técnicos en química industrial","4","","311","","","","","","","AYUDACOD_ISCO88"
"3117","3117","Técnicos en ingeniería de minas y metalurgia","4","","311","","","","","","","AYUDACOD_ISCO88"
"3118","3118","Delineantes y dibujantes técnicos","4","","311","","","","","","","AYUDACOD_ISCO88"
"3119","3119","Técnicos en ciencias físicas y químicas y en ingeniería no clasificados bajo otros epígrafes","4","","311","","","","","","","AYUDACOD_ISCO88"
"312","312","Técnicos en programación y control informáticos","3","","31","","","","","","","AYUDACOD_ISCO88"
"3121","3121","Técnicos en programación informática","4","","312","","","","","","","AYUDACOD_ISCO88"
"3122","3122","Técnicos en control de equipos informáticos","4","","312","","","","","","","AYUDACOD_ISCO88"
"3123","3123","Técnicos en control de robots industriales","4","","312","","","","","","","AYUDACOD_ISCO88"
"313","313","Operadores de equipos ópticos y electrónicos","3","","31","","","","","","","AYUDACOD_ISCO88"
"3131","3131","Fotógrafos y operadores de equipos de grabación de imagen y sonido","4","","313","","","","","","","AYUDACOD_ISCO88"
"3132","3132","Operadores de equipos de radiodifusión, televisión y telecomunicaciones","4","","313","","","","","","","AYUDACOD_ISCO88"
"3133","3133","Operadores de aparatos de diagnóstico y tratamientos médicos","4","","313","","","","","","","AYUDACOD_ISCO88"
"3139","3139","Operadores de equipos ópticos y electrónicos, no clasificados bajo otros epígrafes","4","","313","","","","","","","AYUDACOD_ISCO88"
"314","314","Técnicos en navegación marítima y aeronáutica","3","","31","","","","","","","AYUDACOD_ISCO88"
"3141","3141","Oficiales maquinistas","4","","314","","","","","","","AYUDACOD_ISCO88"
"3142","3142","Capitanes, oficiales de cubierta y prácticos","4","","314","","","","","","","AYUDACOD_ISCO88"
"3143","3143","Pilotos de aviación y afines","4","","314","","","","","","","AYUDACOD_ISCO88"
"3144","3144","Controladores de tráfico aéreo","4","","314","","","","","","","AYUDACOD_ISCO88"
"3145","3145","Técnicos en seguridad aeronáutica","4","","314","","","","","","","AYUDACOD_ISCO88"
"315","315","Inspectores de obras, seguridad y salud y control de calidad","3","","31","","","","","","","AYUDACOD_ISCO88"
"3151","3151","Inspectores de edificios y de prevención e investigación de incendios","4","","315","","","","","","","AYUDACOD_ISCO88"
"3152","3152","Inspectores de seguridad y salud y control de calidad","4","","315","","","","","","","AYUDACOD_ISCO88"
"32","32","Técnicos y profesionales de nivel medio de las ciencias biológicas, la medicina y la salud","2","","3","","","","","","","AYUDACOD_ISCO88"
"321","321","Técnicos de nivel medio en ciencias biológicas, agronomía, zootecnia y afines","3","","32","","","","","","","AYUDACOD_ISCO88"
"3211","3211","Técnicos en ciencias biológicas y afines","4","","321","","","","","","","AYUDACOD_ISCO88"
"3212","3212","Técnicos en agronomía, zootecnia y silvicultura","4","","321","","","","","","","AYUDACOD_ISCO88"
"3213","3213","Consejeros agrícolas y forestales","4","","321","","","","","","","AYUDACOD_ISCO88"
"322","322","Profesionales de nivel medio de la medicina moderna y la salud (excepto el personal de enfermería y partería)","3","","32","","","","","","","AYUDACOD_ISCO88"
"3221","3221","Practicantes y asistentes médicos","4","","322","","","","","","","AYUDACOD_ISCO88"
"3222","3222","Higienistas y otro personal sanitario","4","","322","","","","","","","AYUDACOD_ISCO88"
"3223","3223","Técnicos en dietética y nutrición","4","","322","","","","","","","AYUDACOD_ISCO88"
"3224","3224","Técnicos en optometría y ópticos","4","","322","","","","","","","AYUDACOD_ISCO88"
"3225","3225","Dentistas auxiliares y ayudantes de odontología","4","","322","","","","","","","AYUDACOD_ISCO88"
"3226","3226","Fisioterapeutas y afines","4","","322","","","","","","","AYUDACOD_ISCO88"
"3227","3227","Técnicos y asistentes veterinarios","4","","322","","","","","","","AYUDACOD_ISCO88"
"3228","3228","Técnicos y asistentes farmacéuticos","4","","322","","","","","","","AYUDACOD_ISCO88"
"3229","3229","Profesionales de nivel medio de la medicina moderna y la salud (excepto el personal de enfermería y partería), no clasificados bajo otros epígrafes","4","","322","","","","","","","AYUDACOD_ISCO88"
"323","323","Personal de enfermería y partería de nivel medio","3","","32","","","","","","","AYUDACOD_ISCO88"
"3231","3231","Personal de enfermería de nivel medio","4","","323","","","","","","","AYUDACOD_ISCO88"
"3232","3232","Personal de partería de nivel medio","4","","323","","","","","","","AYUDACOD_ISCO88"
"324","324","Practicantes de la medicina tradicional y curanderos","3","","32","","","","","","","AYUDACOD_ISCO88"
"3241","3241","Practicantes de la medicina tradicional","4","","324","","","","","","","AYUDACOD_ISCO88"
"3242","3242","Curanderos","4","","324","","","","","","","AYUDACOD_ISCO88"
"33","33","Maestros e instructores de nivel medio","2","","3","","","","","","","AYUDACOD_ISCO88"
"331","331","Maestros de nivel medio de la enseñanza primaria","3","","33","","","","","","","AYUDACOD_ISCO88"
"3310","3310","Maestros de nivel medio de la enseñanza primaria","4","","331","","","","","","","AYUDACOD_ISCO88"
"332","332","Maestros de nivel medio de la enseñanza preescolar","3","","33","","","","","","","AYUDACOD_ISCO88"
"3320","3320","Maestros de nivel medio de la enseñanza preescolar","4","","332","","","","","","","AYUDACOD_ISCO88"
"333","333","Maestros de nivel medio de la enseñanza especial","3","","33","","","","","","","AYUDACOD_ISCO88"
"3330","3330","Maestros de nivel medio de la enseñanza especial","4","","333","","","","","","","AYUDACOD_ISCO88"
"334","334","Otros maestros e instructores de nivel medio","3","","33","","","","","","","AYUDACOD_ISCO88"
"3340","3340","Otros maestros e instructores de nivel medio","4","","334","","","","","","","AYUDACOD_ISCO88"
"34","34","Otros técnicos y profesionales de nivel medio","2","","3","","","","","","","AYUDACOD_ISCO88"
"341","341","Profesionales de nivel medio en operaciones financieras y comerciales","3","","34","","","","","","","AYUDACOD_ISCO88"
"3411","3411","Agentes de bolsa, cambio y otros servicios financieros","4","","341","","","","","","","AYUDACOD_ISCO88"
"3412","3412","Agentes de seguros","4","","341","","","","","","","AYUDACOD_ISCO88"
"3413","3413","Agentes inmobiliarios","4","","341","","","","","","","AYUDACOD_ISCO88"
"3414","3414","Agentes de viajes","4","","341","","","","","","","AYUDACOD_ISCO88"
"3415","3415","Representantes comerciales y técnicos de ventas","4","","341","","","","","","","AYUDACOD_ISCO88"
"3416","3416","Compradores","4","","341","","","","","","","AYUDACOD_ISCO88"
"3417","3417","Tasadores y subastadores","4","","341","","","","","","","AYUDACOD_ISCO88"
"3419","3419","Profesionales de nivel medio en operaciones y comerciales, no clasificados bajo otros epígrafes","4","","341","","","","","","","AYUDACOD_ISCO88"
"342","342","Agentes comerciales y corredores","3","","34","","","","","","","AYUDACOD_ISCO88"
"3421","3421","Agentes de compras y consignatarios","4","","342","","","","","","","AYUDACOD_ISCO88"
"3422","3422","Declarantes o gestores de aduana","4","","342","","","","","","","AYUDACOD_ISCO88"
"3423","3423","Agentes públicos y privados de colocación y contratistas de mano de obra","4","","342","","","","","","","AYUDACOD_ISCO88"
"3429","3429","Agentes comerciales y corredores, no clasificados bajo otros epígrafes","4","","342","","","","","","","AYUDACOD_ISCO88"
"343","343","Profesionales de nivel medio de servicios de administración","3","","34","","","","","","","AYUDACOD_ISCO88"
"3431","3431","Profesionales de nivel medio de servicios administrativos y afines","4","","343","","","","","","","AYUDACOD_ISCO88"
"3432","3432","Profesionales de nivel medio del derecho y servicios legales o afines","4","","343","","","","","","","AYUDACOD_ISCO88"
"3433","3433","Tenedores de libros","4","","343","","","","","","","AYUDACOD_ISCO88"
"3434","3434","Profesionales de nivel medio de servicios estadísticos, matemáticos y afines","4","","343","","","","","","","AYUDACOD_ISCO88"
"3439","3439","Profesionales de nivel medio de servicios de administración, no clasificados bajo otros epígrafes","4","","343","","","","","","","AYUDACOD_ISCO88"
"344","344","Agentes de las administraciones públicas de aduanas, impuestos y afines","3","","34","","","","","","","AYUDACOD_ISCO88"
"3441","3441","Agentes de aduana e inspectores de fronteras","4","","344","","","","","","","AYUDACOD_ISCO88"
"3442","3442","Funcionarios del fisco","4","","344","","","","","","","AYUDACOD_ISCO88"
"3443","3443","Funcionarios de servicios de seguridad social","4","","344","","","","","","","AYUDACOD_ISCO88"
"3444","3444","Funcionarios de servicios de expedición de licencias y permisos","4","","344","","","","","","","AYUDACOD_ISCO88"
"3449","3449","Agentes de las administraciones públicas de aduanas, impuestos y afines, no clasificados bajo otros epígrafes","4","","344","","","","","","","AYUDACOD_ISCO88"
"345","345","Inspectores de policía y detectives","3","","34","","","","","","","AYUDACOD_ISCO88"
"3450","3450","Inspectores de policía y detectives","4","","345","","","","","","","AYUDACOD_ISCO88"
"346","346","Trabajadores y asistentes sociales de nivel medio","3","","34","","","","","","","AYUDACOD_ISCO88"
"3460","3460","Trabajadores y asistentes sociales de nivel medio","4","","346","","","","","","","AYUDACOD_ISCO88"
"347","347","Profesionales de nivel medio de actividades artísticas, espectáculos y deportes","3","","34","","","","","","","AYUDACOD_ISCO88"
"3471","3471","Decoradores y diseñadores","4","","347","","","","","","","AYUDACOD_ISCO88"
"3472","3472","Locutores de radio y televisión y afines","4","","347","","","","","","","AYUDACOD_ISCO88"
"3473","3473","Músicos, cantantes y bailarines callejeros, de cabaret y afines","4","","347","","","","","","","AYUDACOD_ISCO88"
"3474","3474","Payasos, prestidigitadores, acróbatas y afines","4","","347","","","","","","","AYUDACOD_ISCO88"
"3475","3475","Atletas, deportistas y afines","4","","347","","","","","","","AYUDACOD_ISCO88"
"348","348","Auxiliares laicos de los cultos","3","","34","","","","","","","AYUDACOD_ISCO88"
"3480","3480","Auxiliares laicos de los cultos","4","","348","","","","","","","AYUDACOD_ISCO88"
"4","4","Empleados de oficina","1","","","","","","","","","AYUDACOD_ISCO88"
"41","41","Oficinistas","2","","4","","","","","","","AYUDACOD_ISCO88"
"411","411","Secretarios y operadores de máquinas de oficina","3","","41","","","","","","","AYUDACOD_ISCO88"
"4111","4111","Taquígrafos y mecanógrafos","4","","411","","","","","","","AYUDACOD_ISCO88"
"4112","4112","Operadores de máquinas de tratamiento de textos y afines","4","","411","","","","","","","AYUDACOD_ISCO88"
"4113","4113","Operadores de entrada de datos","4","","411","","","","","","","AYUDACOD_ISCO88"
"4114","4114","Operadores de calculadoras","4","","411","","","","","","","AYUDACOD_ISCO88"
"4115","4115","Secretarios","4","","411","","","","","","","AYUDACOD_ISCO88"
"412","412","Auxiliares contables y financieros","3","","41","","","","","","","AYUDACOD_ISCO88"
"4121","4121","Empleados de contabilidad y cálculo de costos","4","","412","","","","","","","AYUDACOD_ISCO88"
"4122","4122","Empleados de servicios estadísticos y financieros","4","","412","","","","","","","AYUDACOD_ISCO88"
"7423","7423","Reguladores y reguladores-operadores de máquinas de labrar madera","4","","742","","","","","","","AYUDACOD_ISCO88"
"7424","7424","Cesteros, bruceros y afines","4","","742","","","","","","","AYUDACOD_ISCO88"
"743","743","Oficiales y operarios de los textiles y de la confección y afines","3","","74","","","","","","","AYUDACOD_ISCO88"
"7431","7431","Preparadores de fibras","4","","743","","","","","","","AYUDACOD_ISCO88"
"7432","7432","Tejedores con telares o de tejidos de punto y afines","4","","743","","","","","","","AYUDACOD_ISCO88"
"7433","7433","Sastres, modistos y sombrereros","4","","743","","","","","","","AYUDACOD_ISCO88"
"7434","7434","Peleteros y afines","4","","743","","","","","","","AYUDACOD_ISCO88"
"7435","7435","Patronistas y cortadores de tela, cuero y afines","4","","743","","","","","","","AYUDACOD_ISCO88"
"7436","7436","Costureros, bordadores y afines","4","","743","","","","","","","AYUDACOD_ISCO88"
"7437","7437","Tapiceros, colchoneros y afines","4","","743","","","","","","","AYUDACOD_ISCO88"
"744","744","Oficiales y operarios de las pieles, cuero y calzado","3","","74","","","","","","","AYUDACOD_ISCO88"
"7441","7441","Apelambradores, pellejeros y curtidores","4","","744","","","","","","","AYUDACOD_ISCO88"
"7442","7442","Zapateros y afines","4","","744","","","","","","","AYUDACOD_ISCO88"
"8","8","Operadores de instalaciones y máquinas y montadores","1","","","","","","","","","AYUDACOD_ISCO88"
"81","81","Operadores de instalaciones fijas y afines","2","","8","","","","","","","AYUDACOD_ISCO88"
"811","811","Operadores de instalaciones mineras y de extracción y procesamiento de minerales","3","","81","","","","","","","AYUDACOD_ISCO88"
"8111","8111","Operadores de instalaciones mineras","4","","811","","","","","","","AYUDACOD_ISCO88"
"8112","8112","Operadores de instalaciones de procesamiento de minerales y rocas","4","","811","","","","","","","AYUDACOD_ISCO88"
"8113","8113","Perforadores y sondistas de pozos y afines","4","","811","","","","","","","AYUDACOD_ISCO88"
"812","812","Operadores de instalaciones de procesamiento de metales","3","","81","","","","","","","AYUDACOD_ISCO88"
"8121","8121","Operadores de hornos de minerales y de hornos de primera fusión de metales","4","","812","","","","","","","AYUDACOD_ISCO88"
"8122","8122","Operadores de hornos de segunda fusión, máquinas de colar y moldear metales y trenes de laminación","4","","812","","","","","","","AYUDACOD_ISCO88"
"8123","8123","Operadores de instalaciones de tratamiento térmico de metales","4","","812","","","","","","","AYUDACOD_ISCO88"
"8124","8124","Operadores de máquinas trefiladoras y estiradoras de metales","4","","812","","","","","","","AYUDACOD_ISCO88"
"813","813","Operadores de instalaciones de vidriería, cerámica y afines","3","","81","","","","","","","AYUDACOD_ISCO88"
"8131","8131","Operadores de hornos de vidriería y cerámica y operadores de máquinas afines","4","","813","","","","","","","AYUDACOD_ISCO88"
"8139","8139","Operadores de instalaciones de vidriería, cerámica y afines, no clasificados bajo otros epígrafes","4","","813","","","","","","","AYUDACOD_ISCO88"
"814","814","Operadores de instalaciones de procesamiento de la madera y de la fabricación de papel","3","","81","","","","","","","AYUDACOD_ISCO88"
"8141","8141","Operadores de instalaciones de procesamiento de la madera","4","","814","","","","","","","AYUDACOD_ISCO88"
"8142","8142","Operadores de instalaciones para la preparación de pasta para papel","4","","814","","","","","","","AYUDACOD_ISCO88"
"8143","8143","Operadores de instalaciones para la fabricación de papel","4","","814","","","","","","","AYUDACOD_ISCO88"
"815","815","Operadores de instalaciones de tratamientos químicos","3","","81","","","","","","","AYUDACOD_ISCO88"
"8151","8151","Operadores de instalaciones quebrantadoras, trituradoras y mezcladoras de sustancias químicas","4","","815","","","","","","","AYUDACOD_ISCO88"
"8152","8152","Operadores de instalaciones de tratamiento químico térmico","4","","815","","","","","","","AYUDACOD_ISCO88"
"8153","8153","Operadores de equipos de filtración y separación de sustancias químicas","4","","815","","","","","","","AYUDACOD_ISCO88"
"8154","8154","Operadores de equipos de destilación y de reacción química (excepto petróleo y gas natural)","4","","815","","","","","","","AYUDACOD_ISCO88"
"8155","8155","Operadores de instalaciones de refinación de petróleo y gas natural","4","","815","","","","","","","AYUDACOD_ISCO88"
"8159","8159","Operadores de instalaciones de tratamientos químicos, no clasificados bajo otros epígrafes","4","","815","","","","","","","AYUDACOD_ISCO88"
"816","816","Operadores de instalaciones de producción de energía y afines","3","","81","","","","","","","AYUDACOD_ISCO88"
"8161","8161","Operadores de instalaciones de producción de energía","4","","816","","","","","","","AYUDACOD_ISCO88"
"8162","8162","Operadores de máquinas de vapor y calderas","4","","816","","","","","","","AYUDACOD_ISCO88"
"8163","8163","Operadores de incineradores, instalaciones de tratamiento de agua y afines","4","","816","","","","","","","AYUDACOD_ISCO88"
"817","817","Operadores de cadenas de montaje automatizadas y de robots industriales","3","","81","","","","","","","AYUDACOD_ISCO88"
"8171","8171","Operadores de cadenas de montaje automatizadas","4","","817","","","","","","","AYUDACOD_ISCO88"
"8172","8172","Operadores de robots industriales","4","","817","","","","","","","AYUDACOD_ISCO88"
"82","82","Operadores de máquinas y montadores","2","","8","","","","","","","AYUDACOD_ISCO88"
"821","821","Operadores de máquinas para trabajar metales y productos minerales","3","","82","","","","","","","AYUDACOD_ISCO88"
"8211","8211","Operadores de máquinas herramientas","4","","821","","","","","","","AYUDACOD_ISCO88"
"8212","8212","Operadores de máquinas para fabricar cemento y otros productos minerales","4","","821","","","","","","","AYUDACOD_ISCO88"
"822","822","Operadores de máquinas para fabricar productos químicos","3","","82","","","","","","","AYUDACOD_ISCO88"
"8221","8221","Operadores de máquinas para fabricar productos farmacéuticos y cosméticos","4","","822","","","","","","","AYUDACOD_ISCO88"
"8222","8222","Operadores de máquinas para fabricar municiones y explosivos","4","","822","","","","","","","AYUDACOD_ISCO88"
"8223","8223","Operadores de máquinas pulidoras, galvanizadoras y recubridoras de metales","4","","822","","","","","","","AYUDACOD_ISCO88"
"8224","8224","Operadores de máquinas para fabricar accesorios fotográficos","4","","822","","","","","","","AYUDACOD_ISCO88"
"8229","8229","Operadores de máquinas para fabricar productos químicos, no clasificados bajo otros epígrafes","4","","822","","","","","","","AYUDACOD_ISCO88"
"823","823","Operadores de máquinas para fabricar productos de caucho y de material plástico","3","","82","","","","","","","AYUDACOD_ISCO88"
"8231","8231","Operadores de máquinas para fabricar productos de caucho","4","","823","","","","","","","AYUDACOD_ISCO88"
"8232","8232","Operadores de máquinas para fabricar productos de material plástico","4","","823","","","","","","","AYUDACOD_ISCO88"
"824","824","Operadores de máquinas para fabricar productos de madera","3","","82","","","","","","","AYUDACOD_ISCO88"
"8240","8240","Operadores de máquinas para fabricar productos de madera","4","","824","","","","","","","AYUDACOD_ISCO88"
"825","825","Operadores de máquinas de imprenta, encuadernación y fabricación de productos de papel","3","","82","","","","","","","AYUDACOD_ISCO88"
"8251","8251","Operadores de máquinas de imprenta","4","","825","","","","","","","AYUDACOD_ISCO88"
"8252","8252","Operadores de máquinas de encuadernación","4","","825","","","","","","","AYUDACOD_ISCO88"
"8253","8253","Operadores de máquinas para fabricar productos de papel","4","","825","","","","","","","AYUDACOD_ISCO88"
"826","826","Operadores de máquinas para fabricar productos textiles y artículos de piel y cuero","3","","82","","","","","","","AYUDACOD_ISCO88"
"8261","8261","Operadores de máquinas de preparación de fibras, hilado y devanado","4","","826","","","","","","","AYUDACOD_ISCO88"
"8262","8262","Operadores de telares y otras máquinas tejedoras","4","","826","","","","","","","AYUDACOD_ISCO88"
"8263","8263","Operadores de máquinas para coser","4","","826","","","","","","","AYUDACOD_ISCO88"
"8264","8264","Operadores de máquinas de blanqueo, teñido y tintura","4","","826","","","","","","","AYUDACOD_ISCO88"
"8265","8265","Operadores de máquinas de tratamiento de pieles y cueros","4","","826","","","","","","","AYUDACOD_ISCO88"
"8266","8266","Operadores de máquinas para la fabricación de calzado y afines","4","","826","","","","","","","AYUDACOD_ISCO88"
"8269","8269","Operadores de máquinas para fabricar productos textiles y artículos de piel y cuero no clasificados bajo otros epígrafes","4","","826","","","","","","","AYUDACOD_ISCO88"
"827","827","Operadores de máquinas para elaborar alimentos y productos afines","3","","82","","","","","","","AYUDACOD_ISCO88"
"8271","8271","Operadores de máquinas para elaborar carne, pescado y mariscos","4","","827","","","","","","","AYUDACOD_ISCO88"
"8272","8272","Operadores de máquinas para elaborar productos lácteos","4","","827","","","","","","","AYUDACOD_ISCO88"
"8273","8273","Operadores de máquinas para moler cereales y especias","4","","827","","","","","","","AYUDACOD_ISCO88"
"8274","8274","Operadores de máquinas para elaborar cereales, productos de panadería y repostería y artículos de chocolate","4","","827","","","","","","","AYUDACOD_ISCO88"
"8275","8275","Operadores de máquinas para elaborar frutos húmedos y secos y hortalizas","4","","827","","","","","","","AYUDACOD_ISCO88"
"8276","8276","Operadores de máquinas para fabricar azúcares","4","","827","","","","","","","AYUDACOD_ISCO88"
"8277","8277","Operadores de máquinas para elaborar té, café y cacao","4","","827","","","","","","","AYUDACOD_ISCO88"
"8278","8278","Operadores de máquinas para elaborar cerveza, vinos y otras bebidas","4","","827","","","","","","","AYUDACOD_ISCO88"
"8279","8279","Operadores de máquinas para elaborar productos del tabaco","4","","827","","","","","","","AYUDACOD_ISCO88"
"828","828","Montadores","3","","82","","","","","","","AYUDACOD_ISCO88"
"8281","8281","Montadores de mecanismos y elementos mecánicos de máquinas","4","","828","","","","","","","AYUDACOD_ISCO88"
"8282","8282","Montadores de equipos eléctricos","4","","828","","","","","","","AYUDACOD_ISCO88"
"8283","8283","Montadores de equipos electrónicos","4","","828","","","","","","","AYUDACOD_ISCO88"
"8284","8284","Montadores de productos metálicos, de caucho y de material plástico","4","","828","","","","","","","AYUDACOD_ISCO88"
"8285","8285","Montadores de productos de madera y de materiales afines","4","","828","","","","","","","AYUDACOD_ISCO88"
"8286","8286","Montadores de productos de cartón, textiles y materiales afines","4","","828","","","","","","","AYUDACOD_ISCO88"
"829","829","Otros operadores de máquinas y montadores","3","","82","","","","","","","AYUDACOD_ISCO88"
"8290","8290","Otros operadores de máquinas y montadores","4","","829","","","","","","","AYUDACOD_ISCO88"
"83","83","Conductores de vehículos y operadores de equipos pesados móviles","2","","8","","","","","","","AYUDACOD_ISCO88"
"831","831","Maquinistas de locomotoras y afines","3","","83","","","","","","","AYUDACOD_ISCO88"
"8311","8311","Maquinistas de locomotoras","4","","831","","","","","","","AYUDACOD_ISCO88"
"8312","8312","Guardafrenos, guardagujas y agentes de maniobras","4","","831","","","","","","","AYUDACOD_ISCO88"
"832","832","Conductores de vehículos de motor","3","","83","","","","","","","AYUDACOD_ISCO88"
"8321","8321","Conductores de motocicletas","4","","832","","","","","","","AYUDACOD_ISCO88"
"8322","8322","Conductores de automóviles, taxis y camionetas","4","","832","","","","","","","AYUDACOD_ISCO88"
"8323","8323","Conductores de autobuses y tranvías","4","","832","","","","","","","AYUDACOD_ISCO88"
"8324","8324","Conductores de camiones pesados","4","","832","","","","","","","AYUDACOD_ISCO88"
"833","833","Operadores de maquinaria agrícola móvil y de otras máquinas móviles","3","","83","","","","","","","AYUDACOD_ISCO88"
"8331","8331","Operadores de maquinaria agrícola y forestal motorizada","4","","833","","","","","","","AYUDACOD_ISCO88"
"8332","8332","Operadores de máquinas de movimiento de tierras y afines","4","","833","","","","","","","AYUDACOD_ISCO88"
"8333","8333","Operadores de grúas de aparatos elevadores y afines","4","","833","","","","","","","AYUDACOD_ISCO88"
"8334","8334","Operadores de carretillas y elevadoras","4","","833","","","","","","","AYUDACOD_ISCO88"
"834","834","Marineros de cubierta y afines","3","","83","","","","","","","AYUDACOD_ISCO88"
"8340","8340","Marineros de cubierta y afines","4","","834","","","","","","","AYUDACOD_ISCO88"
"9","9","Trabajadores no calificados","1","","","","","","","","","AYUDACOD_ISCO88"
"91","91","Trabajadores no calificados de ventas y servicios","2","","9","","","","","","","AYUDACOD_ISCO88"
"911","911","Vendedores ambulantes y afines","3","","91","","","","","","","AYUDACOD_ISCO88"
"9111","9111","Vendedores ambulantes de productos comestibles","4","","911","","","","","","","AYUDACOD_ISCO88"
"9112","9112","Vendedores ambulantes de productos no comestibles","4","","911","","","","","","","AYUDACOD_ISCO88"
"9113","9113","Vendedores a domicilio y por teléfono","4","","911","","","","","","","AYUDACOD_ISCO88"
"912","912","Limpiabotas y otros trabajadores callejeros","3","","91","","","","","","","AYUDACOD_ISCO88"
"9120","9120","Limpiabotas y otros trabajadores callejeros","4","","912","","","","","","","AYUDACOD_ISCO88"
"913","913","Personal doméstico y afines, limpiadores, lavanderos y planchadores","3","","91","","","","","","","AYUDACOD_ISCO88"
"9131","9131","Personal doméstico","4","","913","","","","","","","AYUDACOD_ISCO88"
"9132","9132","Limpiadores de oficinas, hoteles y otros establecimientos","4","","913","","","","","","","AYUDACOD_ISCO88"
"9133","9133","Lavanderos y planchadores manuales","4","","913","","","","","","","AYUDACOD_ISCO88"
"914","914","Conserjes, lavadores de ventanas y afines","3","","91","","","","","","","AYUDACOD_ISCO88"
"9141","9141","Conserjes","4","","914","","","","","","","AYUDACOD_ISCO88"
"9142","9142","Lavadores de vehículos, ventanas y afines","4","","914","","","","","","","AYUDACOD_ISCO88"
"915","915","Mensajeros, porteadores, porteros y afines","3","","91","","","","","","","AYUDACOD_ISCO88"
"9151","9151","Mensajeros, porteadores y repartidores","4","","915","","","","","","","AYUDACOD_ISCO88"
"9152","9152","Porteros y guardianes y afines","4","","915","","","","","","","AYUDACOD_ISCO88"
"9153","9153","Recolectores de dinero en aparatos de venta automática, lectores de medidores y afines","4","","915","","","","","","","AYUDACOD_ISCO88"
"916","916","Recolectores de basura y afines","3","","91","","","","","","","AYUDACOD_ISCO88"
"9161","9161","Recolectores de basura","4","","916","","","","","","","AYUDACOD_ISCO88"
"9162","9162","Barrenderos y afines","4","","916","","","","","","","AYUDACOD_ISCO88"
"92","92","Peones agropecuarios, forestales, pesqueros y afines","2","","9","","","","","","","AYUDACOD_ISCO88"
"921","921","Peones agropecuarios, forestales, pesqueros y afines","3","","92","","","","","","","AYUDACOD_ISCO88"
"9211","9211","Mozos de labranza y peones agropecuarios","4","","921","","","","","","","AYUDACOD_ISCO88"
"9212","9212","Peones forestales","4","","921","","","","","","","AYUDACOD_ISCO88"
"9213","9213","Peones de la pesca, la caza y la trampa","4","","921","","","","","","","AYUDACOD_ISCO88"
"93","93","Peones de la minería, la construcción, la industria manufacturera y el transporte","2","","9","","","","","","","AYUDACOD_ISCO88"
"931","931","Peones de la minería y la construcción","3","","93","","","","","","","AYUDACOD_ISCO88"
"9311","9311","Peones de minas y canteras","4","","931","","","","","","","AYUDACOD_ISCO88"
"9312","9312","Peones de obras públicas y mantenimiento carreteras, presas y obras similares","4","","931","","","","","","","AYUDACOD_ISCO88"
"9313","9313","Peones de la construcción de edificios","4","","931","","","","","","","AYUDACOD_ISCO88"
"932","932","Peones de la industria manufacturera","3","","93","","","","","","","AYUDACOD_ISCO88"
"9321","9321","Peones de montaje","4","","932","","","","","","","AYUDACOD_ISCO88"
"9322","9322","Embaladores manuales y otros peones de la industria manufacturera","4","","932","","","","","","","AYUDACOD_ISCO88"
"933","933","Peones del transporte","3","","93","","","","","","","AYUDACOD_ISCO88"
"9331","9331","Conductores de vehículos accionados a pedal o a brazo","4","","933","","","","","","","AYUDACOD_ISCO88"
"9332","9332","Conductores de vehículos y máquinas de tracción animal","4","","933","","","","","","","AYUDACOD_ISCO88"
"9333","9333","Peones de carga","4","","933","","","","","","","AYUDACOD_ISCO88"
